{"_format":"","paths":{"artifacts":"out","build_infos":"out/build-info","sources":"src","tests":"test","scripts":"script","libraries":["lib"]},"files":{"lib/account-abstraction/contracts/interfaces/IAggregator.sol":{"lastModificationDate":1756455744172,"contentHash":"b26a6e36130f46cd","interfaceReprHash":null,"sourceName":"lib/account-abstraction/contracts/interfaces/IAggregator.sol","imports":["lib/account-abstraction/contracts/interfaces/PackedUserOperation.sol"],"versionRequirement":"^0.8.28","artifacts":{"IAggregator":{"0.8.30":{"default":{"path":"IAggregator.sol/IAggregator.json","build_id":"9b89b6ce5ec54124"}}}},"seenByCompiler":true},"lib/account-abstraction/contracts/interfaces/IEntryPoint.sol":{"lastModificationDate":1756455744172,"contentHash":"d94ef1930094e54c","interfaceReprHash":null,"sourceName":"lib/account-abstraction/contracts/interfaces/IEntryPoint.sol","imports":["lib/account-abstraction/contracts/interfaces/IAggregator.sol","lib/account-abstraction/contracts/interfaces/INonceManager.sol","lib/account-abstraction/contracts/interfaces/ISenderCreator.sol","lib/account-abstraction/contracts/interfaces/IStakeManager.sol","lib/account-abstraction/contracts/interfaces/PackedUserOperation.sol"],"versionRequirement":"^0.8.28","artifacts":{"IEntryPoint":{"0.8.30":{"default":{"path":"IEntryPoint.sol/IEntryPoint.json","build_id":"9b89b6ce5ec54124"}}}},"seenByCompiler":true},"lib/account-abstraction/contracts/interfaces/INonceManager.sol":{"lastModificationDate":1756455744172,"contentHash":"9532f24f9bf91b35","interfaceReprHash":null,"sourceName":"lib/account-abstraction/contracts/interfaces/INonceManager.sol","imports":[],"versionRequirement":"^0.8.28","artifacts":{"INonceManager":{"0.8.30":{"default":{"path":"INonceManager.sol/INonceManager.json","build_id":"9b89b6ce5ec54124"}}}},"seenByCompiler":true},"lib/account-abstraction/contracts/interfaces/IPaymaster.sol":{"lastModificationDate":1756455744172,"contentHash":"bc962af739ac534a","interfaceReprHash":null,"sourceName":"lib/account-abstraction/contracts/interfaces/IPaymaster.sol","imports":["lib/account-abstraction/contracts/interfaces/PackedUserOperation.sol"],"versionRequirement":"^0.8.28","artifacts":{"IPaymaster":{"0.8.30":{"default":{"path":"IPaymaster.sol/IPaymaster.json","build_id":"9b89b6ce5ec54124"}}}},"seenByCompiler":true},"lib/account-abstraction/contracts/interfaces/ISenderCreator.sol":{"lastModificationDate":1756455744172,"contentHash":"166e2dec10e2a702","interfaceReprHash":null,"sourceName":"lib/account-abstraction/contracts/interfaces/ISenderCreator.sol","imports":[],"versionRequirement":"^0.8.28","artifacts":{"ISenderCreator":{"0.8.30":{"default":{"path":"ISenderCreator.sol/ISenderCreator.json","build_id":"9b89b6ce5ec54124"}}}},"seenByCompiler":true},"lib/account-abstraction/contracts/interfaces/IStakeManager.sol":{"lastModificationDate":1756455744172,"contentHash":"286dc9bd56a949c7","interfaceReprHash":null,"sourceName":"lib/account-abstraction/contracts/interfaces/IStakeManager.sol","imports":[],"versionRequirement":"^0.8.28","artifacts":{"IStakeManager":{"0.8.30":{"default":{"path":"IStakeManager.sol/IStakeManager.json","build_id":"9b89b6ce5ec54124"}}}},"seenByCompiler":true},"lib/account-abstraction/contracts/interfaces/PackedUserOperation.sol":{"lastModificationDate":1756455744172,"contentHash":"bc25501fdee2c544","interfaceReprHash":null,"sourceName":"lib/account-abstraction/contracts/interfaces/PackedUserOperation.sol","imports":[],"versionRequirement":"^0.8.28","artifacts":{},"seenByCompiler":true},"lib/forge-std/src/Base.sol":{"lastModificationDate":1756455724589,"contentHash":"b30affbf365427e2","interfaceReprHash":null,"sourceName":"lib/forge-std/src/Base.sol","imports":["lib/forge-std/src/StdStorage.sol","lib/forge-std/src/Vm.sol"],"versionRequirement":">=0.6.2, <0.9.0","artifacts":{"CommonBase":{"0.8.30":{"default":{"path":"Base.sol/CommonBase.json","build_id":"9b89b6ce5ec54124"}}},"ScriptBase":{"0.8.30":{"default":{"path":"Base.sol/ScriptBase.json","build_id":"9b89b6ce5ec54124"}}},"TestBase":{"0.8.30":{"default":{"path":"Base.sol/TestBase.json","build_id":"9b89b6ce5ec54124"}}}},"seenByCompiler":true},"lib/forge-std/src/StdAssertions.sol":{"lastModificationDate":1756455724589,"contentHash":"02aafa55c6c27fcf","interfaceReprHash":null,"sourceName":"lib/forge-std/src/StdAssertions.sol","imports":["lib/forge-std/src/Vm.sol"],"versionRequirement":">=0.6.2, <0.9.0","artifacts":{"StdAssertions":{"0.8.30":{"default":{"path":"StdAssertions.sol/StdAssertions.json","build_id":"9b89b6ce5ec54124"}}}},"seenByCompiler":true},"lib/forge-std/src/StdChains.sol":{"lastModificationDate":1756455724589,"contentHash":"a40952ce0d242817","interfaceReprHash":null,"sourceName":"lib/forge-std/src/StdChains.sol","imports":["lib/forge-std/src/Vm.sol"],"versionRequirement":">=0.6.2, <0.9.0","artifacts":{"StdChains":{"0.8.30":{"default":{"path":"StdChains.sol/StdChains.json","build_id":"9b89b6ce5ec54124"}}}},"seenByCompiler":true},"lib/forge-std/src/StdCheats.sol":{"lastModificationDate":1756455724589,"contentHash":"30325e8cda32c7ae","interfaceReprHash":null,"sourceName":"lib/forge-std/src/StdCheats.sol","imports":["lib/forge-std/src/StdStorage.sol","lib/forge-std/src/Vm.sol","lib/forge-std/src/console.sol","lib/forge-std/src/console2.sol"],"versionRequirement":">=0.6.2, <0.9.0","artifacts":{"StdCheats":{"0.8.30":{"default":{"path":"StdCheats.sol/StdCheats.json","build_id":"9b89b6ce5ec54124"}}},"StdCheatsSafe":{"0.8.30":{"default":{"path":"StdCheats.sol/StdCheatsSafe.json","build_id":"9b89b6ce5ec54124"}}}},"seenByCompiler":true},"lib/forge-std/src/StdConstants.sol":{"lastModificationDate":1756455724589,"contentHash":"23303eb7e922efe4","interfaceReprHash":null,"sourceName":"lib/forge-std/src/StdConstants.sol","imports":["lib/forge-std/src/Vm.sol","lib/forge-std/src/interfaces/IMulticall3.sol"],"versionRequirement":">=0.6.2, <0.9.0","artifacts":{"StdConstants":{"0.8.30":{"default":{"path":"StdConstants.sol/StdConstants.json","build_id":"9b89b6ce5ec54124"}}}},"seenByCompiler":true},"lib/forge-std/src/StdError.sol":{"lastModificationDate":1756455724589,"contentHash":"a1a86c7115e2cdf3","interfaceReprHash":null,"sourceName":"lib/forge-std/src/StdError.sol","imports":[],"versionRequirement":">=0.6.2, <0.9.0","artifacts":{"stdError":{"0.8.30":{"default":{"path":"StdError.sol/stdError.json","build_id":"9b89b6ce5ec54124"}}}},"seenByCompiler":true},"lib/forge-std/src/StdInvariant.sol":{"lastModificationDate":1756455724589,"contentHash":"0111ef959dff6f54","interfaceReprHash":null,"sourceName":"lib/forge-std/src/StdInvariant.sol","imports":[],"versionRequirement":">=0.6.2, <0.9.0","artifacts":{"StdInvariant":{"0.8.30":{"default":{"path":"StdInvariant.sol/StdInvariant.json","build_id":"9b89b6ce5ec54124"}}}},"seenByCompiler":true},"lib/forge-std/src/StdJson.sol":{"lastModificationDate":1756455724589,"contentHash":"5fb1b35c8fb281fd","interfaceReprHash":null,"sourceName":"lib/forge-std/src/StdJson.sol","imports":["lib/forge-std/src/Vm.sol"],"versionRequirement":">=0.6.0, <0.9.0","artifacts":{"stdJson":{"0.8.30":{"default":{"path":"StdJson.sol/stdJson.json","build_id":"9b89b6ce5ec54124"}}}},"seenByCompiler":true},"lib/forge-std/src/StdMath.sol":{"lastModificationDate":1756455724593,"contentHash":"72584abebada1e7a","interfaceReprHash":null,"sourceName":"lib/forge-std/src/StdMath.sol","imports":[],"versionRequirement":">=0.6.2, <0.9.0","artifacts":{"stdMath":{"0.8.30":{"default":{"path":"StdMath.sol/stdMath.json","build_id":"9b89b6ce5ec54124"}}}},"seenByCompiler":true},"lib/forge-std/src/StdStorage.sol":{"lastModificationDate":1756455724593,"contentHash":"9a44dcb9bda3bfa9","interfaceReprHash":null,"sourceName":"lib/forge-std/src/StdStorage.sol","imports":["lib/forge-std/src/Vm.sol"],"versionRequirement":">=0.6.2, <0.9.0","artifacts":{"stdStorage":{"0.8.30":{"default":{"path":"StdStorage.sol/stdStorage.json","build_id":"9b89b6ce5ec54124"}}},"stdStorageSafe":{"0.8.30":{"default":{"path":"StdStorage.sol/stdStorageSafe.json","build_id":"9b89b6ce5ec54124"}}}},"seenByCompiler":true},"lib/forge-std/src/StdStyle.sol":{"lastModificationDate":1756455724593,"contentHash":"ee166ef95092736e","interfaceReprHash":null,"sourceName":"lib/forge-std/src/StdStyle.sol","imports":["lib/forge-std/src/Vm.sol"],"versionRequirement":">=0.4.22, <0.9.0","artifacts":{"StdStyle":{"0.8.30":{"default":{"path":"StdStyle.sol/StdStyle.json","build_id":"9b89b6ce5ec54124"}}}},"seenByCompiler":true},"lib/forge-std/src/StdToml.sol":{"lastModificationDate":1756455724593,"contentHash":"fc667e4ecb7fa86c","interfaceReprHash":null,"sourceName":"lib/forge-std/src/StdToml.sol","imports":["lib/forge-std/src/Vm.sol"],"versionRequirement":">=0.6.0, <0.9.0","artifacts":{"stdToml":{"0.8.30":{"default":{"path":"StdToml.sol/stdToml.json","build_id":"9b89b6ce5ec54124"}}}},"seenByCompiler":true},"lib/forge-std/src/StdUtils.sol":{"lastModificationDate":1756455724593,"contentHash":"b7cdeb66252de708","interfaceReprHash":null,"sourceName":"lib/forge-std/src/StdUtils.sol","imports":["lib/forge-std/src/Vm.sol","lib/forge-std/src/interfaces/IMulticall3.sol"],"versionRequirement":">=0.6.2, <0.9.0","artifacts":{"StdUtils":{"0.8.30":{"default":{"path":"StdUtils.sol/StdUtils.json","build_id":"9b89b6ce5ec54124"}}}},"seenByCompiler":true},"lib/forge-std/src/Test.sol":{"lastModificationDate":1756455724593,"contentHash":"f56119a09f81c62c","interfaceReprHash":null,"sourceName":"lib/forge-std/src/Test.sol","imports":["lib/forge-std/src/Base.sol","lib/forge-std/src/StdAssertions.sol","lib/forge-std/src/StdChains.sol","lib/forge-std/src/StdCheats.sol","lib/forge-std/src/StdConstants.sol","lib/forge-std/src/StdError.sol","lib/forge-std/src/StdInvariant.sol","lib/forge-std/src/StdJson.sol","lib/forge-std/src/StdMath.sol","lib/forge-std/src/StdStorage.sol","lib/forge-std/src/StdStyle.sol","lib/forge-std/src/StdToml.sol","lib/forge-std/src/StdUtils.sol","lib/forge-std/src/Vm.sol","lib/forge-std/src/console.sol","lib/forge-std/src/console2.sol","lib/forge-std/src/interfaces/IMulticall3.sol","lib/forge-std/src/safeconsole.sol"],"versionRequirement":">=0.6.2, <0.9.0","artifacts":{"Test":{"0.8.30":{"default":{"path":"Test.sol/Test.json","build_id":"9b89b6ce5ec54124"}}}},"seenByCompiler":true},"lib/forge-std/src/Vm.sol":{"lastModificationDate":1756455724621,"contentHash":"e42237c90542cb12","interfaceReprHash":null,"sourceName":"lib/forge-std/src/Vm.sol","imports":[],"versionRequirement":">=0.6.2, <0.9.0","artifacts":{"Vm":{"0.8.30":{"default":{"path":"Vm.sol/Vm.json","build_id":"9b89b6ce5ec54124"}}},"VmSafe":{"0.8.30":{"default":{"path":"Vm.sol/VmSafe.json","build_id":"9b89b6ce5ec54124"}}}},"seenByCompiler":true},"lib/forge-std/src/console.sol":{"lastModificationDate":1756455724593,"contentHash":"bae85493a76fb054","interfaceReprHash":null,"sourceName":"lib/forge-std/src/console.sol","imports":[],"versionRequirement":">=0.4.22, <0.9.0","artifacts":{"console":{"0.8.30":{"default":{"path":"console.sol/console.json","build_id":"9b89b6ce5ec54124"}}}},"seenByCompiler":true},"lib/forge-std/src/console2.sol":{"lastModificationDate":1756455724593,"contentHash":"49a7da3dfc404603","interfaceReprHash":null,"sourceName":"lib/forge-std/src/console2.sol","imports":["lib/forge-std/src/console.sol"],"versionRequirement":">=0.4.22, <0.9.0","artifacts":{},"seenByCompiler":true},"lib/forge-std/src/interfaces/IMulticall3.sol":{"lastModificationDate":1756455724593,"contentHash":"b680a332ebf10901","interfaceReprHash":null,"sourceName":"lib/forge-std/src/interfaces/IMulticall3.sol","imports":[],"versionRequirement":">=0.6.2, <0.9.0","artifacts":{"IMulticall3":{"0.8.30":{"default":{"path":"IMulticall3.sol/IMulticall3.json","build_id":"9b89b6ce5ec54124"}}}},"seenByCompiler":true},"lib/forge-std/src/safeconsole.sol":{"lastModificationDate":1756455724597,"contentHash":"621653b34a6691ea","interfaceReprHash":null,"sourceName":"lib/forge-std/src/safeconsole.sol","imports":[],"versionRequirement":">=0.6.2, <0.9.0","artifacts":{"safeconsole":{"0.8.30":{"default":{"path":"safeconsole.sol/safeconsole.json","build_id":"9b89b6ce5ec54124"}}}},"seenByCompiler":true},"test/MinimalPoC.t.sol":{"lastModificationDate":1756455901262,"contentHash":"2a543fe2e8ee149a","interfaceReprHash":null,"sourceName":"test/MinimalPoC.t.sol","imports":["lib/account-abstraction/contracts/interfaces/IAggregator.sol","lib/account-abstraction/contracts/interfaces/IEntryPoint.sol","lib/account-abstraction/contracts/interfaces/INonceManager.sol","lib/account-abstraction/contracts/interfaces/IPaymaster.sol","lib/account-abstraction/contracts/interfaces/ISenderCreator.sol","lib/account-abstraction/contracts/interfaces/IStakeManager.sol","lib/account-abstraction/contracts/interfaces/PackedUserOperation.sol","lib/forge-std/src/Base.sol","lib/forge-std/src/StdAssertions.sol","lib/forge-std/src/StdChains.sol","lib/forge-std/src/StdCheats.sol","lib/forge-std/src/StdConstants.sol","lib/forge-std/src/StdError.sol","lib/forge-std/src/StdInvariant.sol","lib/forge-std/src/StdJson.sol","lib/forge-std/src/StdMath.sol","lib/forge-std/src/StdStorage.sol","lib/forge-std/src/StdStyle.sol","lib/forge-std/src/StdToml.sol","lib/forge-std/src/StdUtils.sol","lib/forge-std/src/Test.sol","lib/forge-std/src/Vm.sol","lib/forge-std/src/console.sol","lib/forge-std/src/console2.sol","lib/forge-std/src/interfaces/IMulticall3.sol","lib/forge-std/src/safeconsole.sol"],"versionRequirement":"^0.8.13","artifacts":{"MinimalPoCTest":{"0.8.30":{"default":{"path":"MinimalPoC.t.sol/MinimalPoCTest.json","build_id":"9b89b6ce5ec54124"}}},"MockEntryPoint":{"0.8.30":{"default":{"path":"MinimalPoC.t.sol/MockEntryPoint.json","build_id":"9b89b6ce5ec54124"}}},"VulnerablePaymaster":{"0.8.30":{"default":{"path":"MinimalPoC.t.sol/VulnerablePaymaster.json","build_id":"9b89b6ce5ec54124"}}}},"seenByCompiler":true}},"builds":["9b89b6ce5ec54124"],"profiles":{"default":{"solc":{"optimizer":{"enabled":false,"runs":200},"metadata":{"useLiteralContent":false,"bytecodeHash":"ipfs","appendCBOR":true},"outputSelection":{"*":{"*":["abi","evm.bytecode.object","evm.bytecode.sourceMap","evm.bytecode.linkReferences","evm.deployedBytecode.object","evm.deployedBytecode.sourceMap","evm.deployedBytecode.linkReferences","evm.deployedBytecode.immutableReferences","evm.methodIdentifiers","metadata"]}},"evmVersion":"prague","viaIR":false,"libraries":{}},"vyper":{"evmVersion":"prague","outputSelection":{"*":{"*":["abi","evm.bytecode","evm.deployedBytecode"]}}}}},"preprocessed":false,"mocks":[]}